{"v":"4.8.0","meta":{"g":"LottieFiles AE 1.0.0","a":"Herman Sah Putra Siregar","k":"Toggle,Sort,Menu,Transition,Icon","d":"Toggle Sort Menu Transition","tc":""},"fr":30,"ip":0,"op":121,"w":256,"h":256,"nm":"Toogle Sort","ddd":0,"assets":[],"layers":[{"ddd":0,"ind":1,"ty":4,"nm":"Arrow","sr":1,"ks":{"o":{"a":1,"k":[{"i":{"x":[0.49],"y":[1]},"o":{"x":[0.167],"y":[0.167]},"t":0,"s":[0]},{"i":{"x":[0.5],"y":[1]},"o":{"x":[0.167],"y":[0]},"t":8.75,"s":[100]},{"i":{"x":[0.5],"y":[1]},"o":{"x":[0.167],"y":[0.167]},"t":45,"s":[100]},{"i":{"x":[0.5],"y":[1]},"o":{"x":[0.167],"y":[0]},"t":53.75,"s":[0]},{"i":{"x":[0.5],"y":[1]},"o":{"x":[0.167],"y":[0.167]},"t":70,"s":[0]},{"i":{"x":[0.5],"y":[1]},"o":{"x":[0.167],"y":[0]},"t":78.75,"s":[100]},{"i":{"x":[0.5],"y":[1]},"o":{"x":[0.167],"y":[0.167]},"t":111.25,"s":[100]},{"t":120,"s":[0]}],"ix":11},"r":{"a":0,"k":0,"ix":10},"p":{"a":1,"k":[{"i":{"x":0.5,"y":1},"o":{"x":0.167,"y":0.167},"t":0,"s":[200.98,173.584,0],"to":[0,-10.917,0],"ti":[0,10.917,0]},{"i":{"x":0.49,"y":0.49},"o":{"x":0.167,"y":0.167},"t":16.25,"s":[200.98,108.084,0],"to":[0,0,0],"ti":[0,0,0]},{"i":{"x":0.49,"y":1},"o":{"x":0.167,"y":0.167},"t":43.75,"s":[200.98,108.084,0],"to":[0,-4.833,0],"ti":[0,4.833,0]},{"i":{"x":0.5,"y":0.5},"o":{"x":0.167,"y":0.167},"t":58.75,"s":[200.98,79.084,0],"to":[0,0,0],"ti":[0,0,0]},{"i":{"x":0.5,"y":1},"o":{"x":0.167,"y":0.167},"t":70,"s":[200.98,79.084,0],"to":[0,12.5,0],"ti":[0,-12.5,0]},{"i":{"x":0.5,"y":0.5},"o":{"x":0.167,"y":0.167},"t":87.5,"s":[200.98,154.084,0],"to":[0,0,0],"ti":[0,0,0]},{"i":{"x":0.5,"y":1},"o":{"x":0.167,"y":0.167},"t":110,"s":[200.98,154.084,0],"to":[0,3,0],"ti":[0,-3,0]},{"t":121.25,"s":[200.98,172.084,0]}],"ix":2},"a":{"a":0,"k":[0,0,0],"ix":1},"s":{"a":0,"k":[100,100,100],"ix":6}},"ao":0,"shapes":[{"ty":"gr","it":[{"ind":0,"ty":"sh","ix":1,"ks":{"a":1,"k":[{"i":{"x":0.833,"y":0.833},"o":{"x":0.167,"y":0.167},"t":0,"s":[{"i":[[0,0],[0,0],[-1.901,-1.901],[0,0]],"o":[[0,0],[1.901,-1.901],[0,0],[0,0]],"v":[[-21.545,9.31],[-3.745,-8.49],[3.139,-8.49],[21.545,9.916]],"c":false}]},{"i":{"x":0.833,"y":0.833},"o":{"x":0.167,"y":0.167},"t":53.75,"s":[{"i":[[0,0],[0,0],[-1.901,-1.901],[0,0]],"o":[[0,0],[1.901,-1.901],[0,0],[0,0]],"v":[[-21.545,9.31],[-3.745,-8.49],[3.139,-8.49],[21.545,9.916]],"c":false}]},{"t":70,"s":[{"i":[[0,0],[0,0],[-1.901,1.901],[0,0]],"o":[[0,0],[1.901,1.901],[0,0],[0,0]],"v":[[-21.545,-9.547],[-3.745,8.253],[3.139,8.253],[21.545,-10.154]],"c":false}]}],"ix":2},"nm":"Path 1","mn":"ADBE Vector Shape - Group","hd":false},{"ty":"st","c":{"a":0,"k":[0.956862747669,0.627451002598,0.109803922474,1],"ix":3},"o":{"a":0,"k":100,"ix":4},"w":{"a":0,"k":12,"ix":5},"lc":2,"lj":1,"ml":10,"bm":0,"nm":"Stroke 1","mn":"ADBE Vector Graphic - Stroke","hd":false},{"ty":"tr","p":{"a":0,"k":[0,0],"ix":2},"a":{"a":0,"k":[0,0],"ix":1},"s":{"a":0,"k":[100,100],"ix":3},"r":{"a":0,"k":0,"ix":6},"o":{"a":0,"k":100,"ix":7},"sk":{"a":0,"k":0,"ix":4},"sa":{"a":0,"k":0,"ix":5},"nm":"Transform"}],"nm":"Group 1","np":2,"cix":2,"bm":0,"ix":1,"mn":"ADBE Vector Group","hd":false}],"ip":0,"op":150,"st":0,"bm":0},{"ddd":0,"ind":2,"ty":4,"nm":"Top to Bot","sr":1,"ks":{"o":{"a":1,"k":[{"i":{"x":[0.5],"y":[1]},"o":{"x":[0.167],"y":[0.167]},"t":0,"s":[0]},{"i":{"x":[0.5],"y":[1]},"o":{"x":[0.167],"y":[0]},"t":8.75,"s":[100]},{"i":{"x":[0.5],"y":[1]},"o":{"x":[0.167],"y":[0.167]},"t":45,"s":[100]},{"i":{"x":[0.833],"y":[1]},"o":{"x":[0.167],"y":[0]},"t":53.75,"s":[0]},{"i":{"x":[0.5],"y":[1]},"o":{"x":[0.167],"y":[0.167]},"t":70,"s":[0]},{"i":{"x":[0.5],"y":[1]},"o":{"x":[0.167],"y":[0]},"t":78.75,"s":[100]},{"i":{"x":[0.5],"y":[1]},"o":{"x":[0.167],"y":[0.167]},"t":111.25,"s":[100]},{"t":120,"s":[0]}],"ix":11},"r":{"a":0,"k":0,"ix":10},"p":{"a":0,"k":[200.98,129.5,0],"ix":2},"a":{"a":0,"k":[0,0,0],"ix":1},"s":{"a":0,"k":[100,100,100],"ix":6}},"ao":0,"shapes":[{"ty":"gr","it":[{"ind":0,"ty":"sh","ix":1,"ks":{"a":0,"k":{"i":[[0,0],[0,0]],"o":[[0,0],[0,0]],"v":[[0,32.5],[0,-32.5]],"c":false},"ix":2},"nm":"Path 1","mn":"ADBE Vector Shape - Group","hd":false},{"ty":"st","c":{"a":0,"k":[0.956862747669,0.627451002598,0.109803922474,1],"ix":3},"o":{"a":0,"k":100,"ix":4},"w":{"a":0,"k":12,"ix":5},"lc":2,"lj":1,"ml":10,"bm":0,"nm":"Stroke 1","mn":"ADBE Vector Graphic - Stroke","hd":false},{"ty":"tr","p":{"a":0,"k":[0,0],"ix":2},"a":{"a":0,"k":[0,0],"ix":1},"s":{"a":0,"k":[100,100],"ix":3},"r":{"a":0,"k":0,"ix":6},"o":{"a":0,"k":100,"ix":7},"sk":{"a":0,"k":0,"ix":4},"sa":{"a":0,"k":0,"ix":5},"nm":"Transform"}],"nm":"Group 1","np":2,"cix":2,"bm":0,"ix":1,"mn":"ADBE Vector Group","hd":false},{"ty":"tm","s":{"a":1,"k":[{"i":{"x":[0],"y":[1]},"o":{"x":[0.167],"y":[0]},"t":3.75,"s":[0]},{"i":{"x":[0.49],"y":[1]},"o":{"x":[0.167],"y":[0]},"t":18.75,"s":[0]},{"i":{"x":[0.49],"y":[1]},"o":{"x":[0.167],"y":[0.167]},"t":38.75,"s":[0]},{"i":{"x":[0.833],"y":[1]},"o":{"x":[0.167],"y":[0]},"t":53.75,"s":[100]},{"i":{"x":[0.833],"y":[1]},"o":{"x":[0.167],"y":[0]},"t":76.25,"s":[100]},{"i":{"x":[0.5],"y":[1]},"o":{"x":[0.167],"y":[0]},"t":91.25,"s":[100]},{"i":{"x":[0.5],"y":[1]},"o":{"x":[0.167],"y":[0.167]},"t":107.5,"s":[100]},{"t":120,"s":[0]}],"ix":1},"e":{"a":1,"k":[{"i":{"x":[0.399],"y":[1]},"o":{"x":[0.167],"y":[0.167]},"t":1.25,"s":[0]},{"i":{"x":[0.49],"y":[1]},"o":{"x":[0.167],"y":[0]},"t":16.25,"s":[100]},{"i":{"x":[0.49],"y":[1]},"o":{"x":[0.167],"y":[0]},"t":35,"s":[100]},{"i":{"x":[0.5],"y":[1]},"o":{"x":[0.167],"y":[0]},"t":51.25,"s":[100]},{"i":{"x":[0.5],"y":[1]},"o":{"x":[0.167],"y":[0.167]},"t":72.5,"s":[100]},{"i":{"x":[0.5],"y":[1]},"o":{"x":[0.167],"y":[0]},"t":87.5,"s":[0]},{"i":{"x":[0.5],"y":[1]},"o":{"x":[0.167],"y":[0]},"t":105,"s":[0]},{"t":120,"s":[0]}],"ix":2},"o":{"a":0,"k":0,"ix":3},"m":1,"ix":2,"nm":"Trim Paths 1","mn":"ADBE Vector Filter - Trim","hd":false}],"ip":0,"op":150,"st":0,"bm":0},{"ddd":0,"ind":3,"ty":4,"nm":"Bot","sr":1,"ks":{"o":{"a":0,"k":100,"ix":11},"r":{"a":0,"k":0,"ix":10},"p":{"a":1,"k":[{"i":{"x":0.5,"y":1},"o":{"x":0.167,"y":0.167},"t":0,"s":[157.64,162,0],"to":[0,0,0],"ti":[0,0,0]},{"i":{"x":0.5,"y":1},"o":{"x":0.167,"y":0.167},"t":5.416,"s":[157.64,129.5,0],"to":[0,0,0],"ti":[0,0,0]},{"i":{"x":0.5,"y":0.5},"o":{"x":0.167,"y":0.167},"t":10.834,"s":[157.64,97,0],"to":[0,0,0],"ti":[0,0,0]},{"i":{"x":0.5,"y":0.5},"o":{"x":0.167,"y":0.167},"t":16.25,"s":[157.64,97,0],"to":[0,0,0],"ti":[0,0,0]},{"i":{"x":0.5,"y":0.5},"o":{"x":0.167,"y":0.167},"t":70,"s":[157.64,97,0],"to":[0,0,0],"ti":[0,0,0]},{"i":{"x":0.5,"y":1},"o":{"x":0.167,"y":0.167},"t":75.416,"s":[157.64,97,0],"to":[0,0,0],"ti":[0,0,0]},{"i":{"x":0.5,"y":1},"o":{"x":0.167,"y":0.167},"t":80.834,"s":[157.64,129.5,0],"to":[0,0,0],"ti":[0,0,0]},{"t":86.25,"s":[157.64,162,0]}],"ix":2},"a":{"a":0,"k":[29.75,0,0],"ix":1},"s":{"a":0,"k":[100,100,100],"ix":6}},"ao":0,"shapes":[{"ty":"gr","it":[{"ind":0,"ty":"sh","ix":1,"ks":{"a":0,"k":{"i":[[0,0],[0,0]],"o":[[0,0],[0,0]],"v":[[-29.75,0],[29.75,0]],"c":false},"ix":2},"nm":"Path 1","mn":"ADBE Vector Shape - Group","hd":false},{"ty":"st","c":{"a":0,"k":[0.847058823529,0.847058823529,0.847058823529,1],"ix":3},"o":{"a":0,"k":100,"ix":4},"w":{"a":0,"k":12,"ix":5},"lc":2,"lj":1,"ml":10,"bm":0,"nm":"Stroke 1","mn":"ADBE Vector Graphic - Stroke","hd":false},{"ty":"tr","p":{"a":0,"k":[0,0],"ix":2},"a":{"a":0,"k":[0,0],"ix":1},"s":{"a":0,"k":[100,100],"ix":3},"r":{"a":0,"k":0,"ix":6},"o":{"a":0,"k":100,"ix":7},"sk":{"a":0,"k":0,"ix":4},"sa":{"a":0,"k":0,"ix":5},"nm":"Transform"}],"nm":"Group 1","np":2,"cix":2,"bm":0,"ix":1,"mn":"ADBE Vector Group","hd":false}],"ip":0,"op":150,"st":0,"bm":0},{"ddd":0,"ind":4,"ty":4,"nm":"Mid","sr":1,"ks":{"o":{"a":0,"k":100,"ix":11},"r":{"a":0,"k":0,"ix":10},"p":{"a":1,"k":[{"i":{"x":0.5,"y":1},"o":{"x":0.167,"y":0.167},"t":0,"s":[157.64,129.5,0],"to":[0,0,0],"ti":[0,0,0]},{"i":{"x":0.5,"y":0.5},"o":{"x":0.167,"y":0.167},"t":5.416,"s":[157.64,162,0],"to":[0,0,0],"ti":[0,0,0]},{"i":{"x":0.5,"y":1},"o":{"x":0.167,"y":0.167},"t":10.834,"s":[157.64,162,0],"to":[0,0,0],"ti":[0,0,0]},{"i":{"x":0.5,"y":0.5},"o":{"x":0.167,"y":0.167},"t":16.25,"s":[157.64,129.5,0],"to":[0,0,0],"ti":[0,0,0]},{"i":{"x":0.5,"y":1},"o":{"x":0.167,"y":0.167},"t":70,"s":[157.64,129.5,0],"to":[0,0,0],"ti":[0,0,0]},{"i":{"x":0.5,"y":0.5},"o":{"x":0.167,"y":0.167},"t":75.416,"s":[157.64,162,0],"to":[0,0,0],"ti":[0,0,0]},{"i":{"x":0.5,"y":1},"o":{"x":0.167,"y":0.167},"t":80.834,"s":[157.64,162,0],"to":[0,0,0],"ti":[0,0,0]},{"t":86.25,"s":[157.64,129.5,0]}],"ix":2},"a":{"a":0,"k":[39.75,0,0],"ix":1},"s":{"a":0,"k":[100,100,100],"ix":6}},"ao":0,"shapes":[{"ty":"gr","it":[{"ind":0,"ty":"sh","ix":1,"ks":{"a":0,"k":{"i":[[0,0],[0,0]],"o":[[0,0],[0,0]],"v":[[-39.75,0],[39.75,0]],"c":false},"ix":2},"nm":"Path 1","mn":"ADBE Vector Shape - Group","hd":false},{"ty":"st","c":{"a":0,"k":[0.956862745098,0.627450980392,0.109803921569,1],"ix":3},"o":{"a":0,"k":100,"ix":4},"w":{"a":0,"k":12,"ix":5},"lc":2,"lj":1,"ml":10,"bm":0,"nm":"Stroke 1","mn":"ADBE Vector Graphic - Stroke","hd":false},{"ty":"tr","p":{"a":0,"k":[0,0],"ix":2},"a":{"a":0,"k":[0,0],"ix":1},"s":{"a":0,"k":[100,100],"ix":3},"r":{"a":0,"k":0,"ix":6},"o":{"a":0,"k":100,"ix":7},"sk":{"a":0,"k":0,"ix":4},"sa":{"a":0,"k":0,"ix":5},"nm":"Transform"}],"nm":"Group 1","np":2,"cix":2,"bm":0,"ix":1,"mn":"ADBE Vector Group","hd":false}],"ip":0,"op":150,"st":0,"bm":0},{"ddd":0,"ind":5,"ty":4,"nm":"Top","sr":1,"ks":{"o":{"a":0,"k":100,"ix":11},"r":{"a":0,"k":0,"ix":10},"p":{"a":1,"k":[{"i":{"x":0.5,"y":0.5},"o":{"x":0.167,"y":0.167},"t":0,"s":[157.64,97,0],"to":[0,0,0],"ti":[0,0,0]},{"i":{"x":0.5,"y":1},"o":{"x":0.167,"y":0.167},"t":5.416,"s":[157.64,97,0],"to":[0,0,0],"ti":[0,0,0]},{"i":{"x":0.5,"y":1},"o":{"x":0.167,"y":0.167},"t":10.834,"s":[157.64,129.5,0],"to":[0,0,0],"ti":[0,0,0]},{"i":{"x":0.5,"y":0.5},"o":{"x":0.167,"y":0.167},"t":16.25,"s":[157.64,162,0],"to":[0,0,0],"ti":[0,0,0]},{"i":{"x":0.5,"y":1},"o":{"x":0.167,"y":0.167},"t":70,"s":[157.64,162,0],"to":[0,0,0],"ti":[0,0,0]},{"i":{"x":0.5,"y":1},"o":{"x":0.167,"y":0.167},"t":75.416,"s":[157.64,129.5,0],"to":[0,0,0],"ti":[0,0,0]},{"i":{"x":0.5,"y":0.5},"o":{"x":0.167,"y":0.167},"t":80.834,"s":[157.64,97,0],"to":[0,0,0],"ti":[0,0,0]},{"t":86.25,"s":[157.64,97,0]}],"ix":2},"a":{"a":0,"k":[54.75,0,0],"ix":1},"s":{"a":0,"k":[100,100,100],"ix":6}},"ao":0,"shapes":[{"ty":"gr","it":[{"ind":0,"ty":"sh","ix":1,"ks":{"a":0,"k":{"i":[[0,0],[0,0]],"o":[[0,0],[0,0]],"v":[[-54.75,0],[54.75,0]],"c":false},"ix":2},"nm":"Path 1","mn":"ADBE Vector Shape - Group","hd":false},{"ty":"st","c":{"a":0,"k":[0.011764706112,0.054901961237,0.305882364511,1],"ix":3},"o":{"a":0,"k":100,"ix":4},"w":{"a":0,"k":12,"ix":5},"lc":2,"lj":1,"ml":10,"bm":0,"nm":"Stroke 1","mn":"ADBE Vector Graphic - Stroke","hd":false},{"ty":"tr","p":{"a":0,"k":[0,0],"ix":2},"a":{"a":0,"k":[0,0],"ix":1},"s":{"a":0,"k":[100,100],"ix":3},"r":{"a":0,"k":0,"ix":6},"o":{"a":0,"k":100,"ix":7},"sk":{"a":0,"k":0,"ix":4},"sa":{"a":0,"k":0,"ix":5},"nm":"Transform"}],"nm":"Group 1","np":2,"cix":2,"bm":0,"ix":1,"mn":"ADBE Vector Group","hd":false}],"ip":0,"op":150,"st":0,"bm":0}],"markers":[]}